ID,Tienda,Producto,Precio,Stock,Garantia,Ubicacion,Cantidad de Ventas
1,,"Blu Joy - 2.4 \, Teléfono Desbloqueado Fábrica - Negro",114.900,(2 disponibles),,"Antonio Nariño, Bogotá D.C.",1154
CGVMOBILEPHONES
2,,Telefono Blu Advance L5 Android 8.1 8gb Memoria Dual Sim,149.900,(7 disponibles),Sin garantía,"Antonio Nariño, Bogotá D.C.",1154
CGVMOBILEPHONES
3,,Minnie Bowtique Telefono Celular Incluye Sonidos,53.900,,30 DIAS POR DEFECTOS DE FABRICA.,"Barranquilla, Atlantico",2989
TINYBABIES
4,,Teléfono Celular Huawei Y6p Memoria 64gb Ram 4gb Negro Verde,599.900,(1 disponibles),Garantía de fábrica: 12 meses,"Medellín, Antioquia",762
SHIKI_NIKI+IMPORT
5,,Telefono Celular Samsung A11 32gb 2gb Ram Cámara 13+5+2 Mp,599.900,(1 disponibles),Garantía de fábrica: 12 meses,"Medellín, Antioquia",762
SHIKI_NIKI+IMPORT
6,,Telefono Celular Zte Blade A5 2020 32gb Memoria 2gb Ram,427.900,(2 disponibles),Garantía de fábrica: 12 meses,"Medellín, Antioquia",762
SHIKI_NIKI+IMPORT
7,,Telefonos Celulares,50.000,(1 disponibles),Garantía de fábrica: 20 días,"Floridablanca, Santander",19
LUISEN05823
8,,Celular Teléfono Móvil Samsung Galaxy A01  32gb -2 Gb Ram,450.000,(8 disponibles),Garantía de fábrica: 12 meses,"Cali, Valle Del Cauca",32
JORGEANDRADECOLML
9,,Telefono Celular Samsung Galaxy Sm-a013 Core A01 16gb Dual,289.900,(2 disponibles),Garantía de fábrica: 1 años,"Medellín, Antioquia",721
HUECOVIRTUAL.CO
10,,Teléfono Barato,49.990,(7 disponibles),Garantía de fábrica: 12 meses,"Cali, Valle Del Cauca",77
JHAREDMARTINEZ
11,,Telefono Smartphone Ulefone Armor X3 Ip68 Resistente 5000mha,599.900,(2 disponibles),Garantía del vendedor: 60 días,"Riohacha, Guajira",358
ENREMATES0
12,,Telefono Celular Xiaomi Redmi Note 9 128gb 4ram Gris Azulado,799.900,(2 disponibles),Garantía de fábrica: 12 meses,"Medellín, Antioquia",762
SHIKI_NIKI+IMPORT
13,,Smartphone Fisher Price Teléfono Inteligente Celular  Dkk10,89.900,(4 disponibles),1 mes por defectos del fabricante no aplica años ni mal uso por parte del comprador,"Martires, Bogotá D.C.",11599
MCKTOYS.COM
14,,Teléfono Celular Ipro V5 Display Fallando Pero Funciona,135.000,(1 disponibles),Sin garantía,"Cali, Valle Del Cauca",32
JORGEANDRADECOLML
15,,Teléfono Celular Nokia Asha 303,304.405,(1 disponibles),Sin garantía,"Cali, Valle Del Cauca",158
MATHIASCAS
16,,Teléfono Alcatel My Flip (tracfone Prepaid),99.000,,,"Usaquén, Bogotá D.C.",10
JAAN8406935
17,,Telefono Celular Zte Blade A5 2020 32gb Memoria 2gb Ram,349.900,(1 disponibles),Garantía de fábrica: 12 meses,"Girón, Santander",1808
GIFTRONIC.04
18,,Telefono Celular Xiaomi Redmi Note 9s De 128gb 48mp 6ram,929.900,(1 disponibles),Garantía de fábrica: 12 meses,"Medellín, Antioquia",762
SHIKI_NIKI+IMPORT
19,,Lote De Teléfonos Celulares,340.285,(1 disponibles),Sin garantía,"Cali, Valle Del Cauca",158
MATHIASCAS
20,,Telephono Hp Elite X3,1.450.000,(4 disponibles),Garantía de fábrica: 12 meses,"Chapinero, Bogotá D.C.",27
DISCOVERY+COMPUTER
21,,Avantel I415-avantel I855 Vende Juego De Radio Telèfonos,350.000,(2 disponibles),Garantía del vendedor: 2 meses,"Medellín, Antioquia",12
TUMOVIL+EXPRESS
22,,Teléfono Celular Motorola Flipout Blur - Funcionando,130.000,(1 disponibles),Sin garantía,"Sesquilé, Cundinamarca",861
FRACTAL+MARKET
23,,Teléfono Samsung Champ Gt C 3300k - Funcionando,100.000,(1 disponibles),Sin garantía,"Sesquilé, Cundinamarca",861
FRACTAL+MARKET
24,,Teléfono Celular Desbloqueado Robusto Blackview Bv9900pro (2,4.441.000,(2 disponibles),Garantía del vendedor: 30 dias,"Engativá, Bogotá D.C.",909
YMAGINARIUM
25,,El Teléfono Celular Cardly (two) Finger Strap Se Pega En El,100.000,(2 disponibles),,"Engativá, Bogotá D.C.",1895
YAXA
26,,"13000mah Resistente Telefónicas, Teléfonos Celulares Blackvi",2.116.000,(2 disponibles),Garantía del vendedor: 30 dias,"Engativá, Bogotá D.C.",909
YMAGINARIUM
27,,Zte Blade Max 2s Desbloqueado De Fábrica Del Teléfono - Pant,825.000,(2 disponibles),Garantía del vendedor: 30 dias,"Engativá, Bogotá D.C.",909
YMAGINARIUM
28,,Samsung Galaxy M10 M105m 16gb Gsm Desbloqueado Teléfono W -,2.120.000,(2 disponibles),Garantía del vendedor: 30 dias,"Engativá, Bogotá D.C.",909
YMAGINARIUM
29,,Gear: Configuración De Montaje De Teléfono Inteligente Para,275.000,(2 disponibles),Garantía del vendedor: 30 dias,"Engativá, Bogotá D.C.",903
MAUJA.STORE
30,,Celular Barato Minutero Flecha Camara Dual Sim,39.900,(1 disponibles),Garantía del vendedor: 1 meses,"Rafael Uribe Uribe, Bogotá D.C.",489
START_PLAY
31,,Celular Barato Minutero Flecha Camara Dual Sim,39.900,(2 disponibles),Garantía del vendedor: 3 meses,"Rafael Uribe Uribe, Bogotá D.C.",398
TECNO+CHEAP
32,,Teléfono Celular 400 Videojuegos 2500 Mah 8 Gb Ram Doble Sim,230.000,(3 disponibles),Garantía del vendedor: 3 meses,"Puente Aranda, Bogotá D.C.",570
PROVEEMERCOL
33,,"Lector De Códigos 2d, Teléfono Industrial Blue Bird Bm 180",1.200.000,,Garantía del vendedor: 90 días,"Chapinero, Bogotá D.C.",829
TODOCALC
34,,"Teléfono Industrial Blue Bird Bm 180, Lector De Códigos 2d",800.000,,Garantía del vendedor: 90 días,"Chapinero, Bogotá D.C.",829
TODOCALC
35,,Limpieza Y Mantenimiento Para Tu Teléfono,30.000,,,"Chapinero, Bogotá D.C.",264
SIGNAL+T.MOVIL
36,,Vendo Un Hermoso  Teléfono  Samsung J1 Pro,130.000,,Sin garantía,"Cartagena De Indias, Bolivar",
GUARDODELAHOZROLANDOENRIQU
37,,Zapatos De Tacón Alto Soporte Para Teléfono Móvil...,5.000,(81 disponibles),Garantía de fábrica: 1 meses,"Medellín, Antioquia",120
WWW.LAVI%C3%91A.SAS
38,,Telefono Celular Barato Zoom 206 Dual Sim / Bluetooth / Fm,60.000,(1 disponibles),Garantía del vendedor: 5 meses,"Bucaramanga, Santander",60
PREMIUM+TECNO
39,,Telefonos Celulares,400.000,,,"Fusagasugá, Cundinamarca",
ANASILVIAPULIDOSANCHEZ
40,,Teléfono iPhone 4s Esta En Perfectas Condiciones,250.000,(1 disponibles),Sin garantía,"El Centro, Santander",
RADI2303114
41,,Telelfono iPhone 8 Plus Nuevo De Paquete,2.450.000,(2 disponibles),Garantía del vendedor: 6 meses,"Rafael Uribe Uribe, Bogotá D.C.",
COJL7519555
42,,Telefono Samsung Galaxy J5,300.000,(1 disponibles),Sin garantía,"Envigado, Antioquia",
ELMOSILPA
43,,Telefono Hyundai E475,250.000,(5 disponibles),Garantía del vendedor: 12 meses,"Villa Del Rosario, Norte De Santander",
HEYBERPEARANDA
44,,Telefono Zte Blade V6plus,355.000,,Garantia de 11 meses directamente con la marca en Bogota,"Guamo, Tolima",
COAN1092639
45,,Telefono Huawie Nova Ram3gb Y 32 Gb De Interna,400.000,,,"Bello, Antioquia",
AGLU5951378
46,,Teleffono,190.000,,,"Bucaramanga, Santander",
JORBISCABRERA
47,,Telefono Huawei P Smart Azul,480.000,,,"Bucaramanga, Santander",
VIER33738
48,,Samsung A30s De 64 Gb (telefono Como Nuevo) Todos Los Acceso,650.000,(1 disponibles),Sin garantía,"Suba, Bogotá D.C.",
MIGUEL+CHACHATI
49,,Vendo Telefono Htc - C700. D816w,200.000,,,"Quibdó, Choco",
ENRIQUESNCHEZRODRGUEZ
50,,Telefono Celular LG Phoenix 3(m150),155.000,(1 disponibles),Garantía del vendedor: 1 meses,"Andes, Antioquia",
AMAYAMARINLUISFERNANDO
51,,Smartphone Fisher Price Teléfono Inteligente Celular  Dkk10,79.900,,,"Martires, Bogotá D.C.",7973
MACROOUTLET.CO
52,,Smartphone Fisher Price Teléfono Inteligente Celular Dkk10,117.880,,,"Neiva, Huila",196
VELLSTORE_COLOMBIA
53,,Minnie Bowtique Telefono Celular Incluye Sonidos (entrega,90.880,,,"Neiva, Huila",196
VELLSTORE_COLOMBIA
54,,Teléfono Inteligente  Onetouch Fiercetm Xl Windows,1.589.146,,"8 días calendario, el daño debe ser por un defecto de fabricación falla técnica o irregularidad. No  aplicará si el producto presenta señales de mal uso por parte del cliente. Ofrecemos la posibilidad de cambiarlo sin embargo el cliente deberá hacerse cargo de los costos de envío nacionales e internacionales por la devolución del producto inicial como por la recepción de la nueva. NO aplica GARANTÍA en daños causados por la empresa TRANSPORTADORA en Colombia, respondemos por daños de USA a nuestras bodegas","Chía, Cundinamarca",9642
ANICAM-BUSINESS
55,,Yuntab Teléfono Celular Desbloqueado 2g Fácil De Usar Para P,188.000,(2 disponibles),Garantía del vendedor: 30 días,"Engativá, Bogotá D.C.",909
YMAGINARIUM
56,,"Funda Galaxy S8, Funda Para Teléfono S8, Funda Protectora Pa",108.000,(2 disponibles),Garantía del vendedor: 30 días,"Engativá, Bogotá D.C.",909
YMAGINARIUM
57,,Teléfono Celular Samsung Galaxy Note20 5g Desbloqueado De Fá,7.370.000,(2 disponibles),Garantía del vendedor: 30 dias,"Engativá, Bogotá D.C.",909
YMAGINARIUM
58,,LG Electronics K3 - Teléfono Desbloqueado De Fábrica - (negr,636.000,(2 disponibles),Garantía del vendedor: 30 días,"Engativá, Bogotá D.C.",909
YMAGINARIUM
59,,Teléfono Celular Samsung Galaxy S20 Ultra 5g Desbloqueado De,8.098.000,(2 disponibles),Garantía del vendedor: 30 dias,"Engativá, Bogotá D.C.",909
YMAGINARIUM
60,,Teléfono Celular Samsung Galaxy S20 Ultra 5g Desbloqueado De,10.072.000,(2 disponibles),Garantía del vendedor: 30 dias,"Engativá, Bogotá D.C.",909
YMAGINARIUM
61,,Teléfono Dual Sim Liberado Oferta,38.990,(19 disponibles),Garantía del vendedor: 30 días,"Bello, Antioquia",79
INVERSIONES+MYM2020
62,,Telefonos Ipro Alcatel Blu Minutero,50.000,(11 disponibles),,"Cali, Valle Del Cauca",
EWEAYE
63,,Telefono Avvio A 50  Remato,200.000,,,"Suba, Bogotá D.C.",
GOTO8748382
64,,Teléfono iPhone 6s Usado,750.000,(4 disponibles),Garantía del vendedor: 1 meses,"Montería, Córdoba",
JUANCAMILOACOSTAACOSTAOSORI
65,,Telefono Zte Maven 3,190.000,,,"Puerto Carreño, Vichada",
BOJO9122177
66,,Samsung A71. Teléfono Como Nuevo Excelente Precio ( 128gb),1.350.000,,Sin garantía,"Suba, Bogotá D.C.",
GZAMBRANOCALDERON
67,,Telefono Sony Xperia X 3gbram 23mp/16mp Personal Mall,855.000,,6 meses de garantía,"Teusaquillo, Bogotá D.C.",
VICDANSELLER
68,,Telefono New Explorer,30.000,,,"Bosa, Bogotá D.C.",
COAR7434379
69,,Telefono Samsung S9plus,1.265.000,,Garantía del vendedor: 2 meses,"Medellín, Antioquia",
GADA380842
70,,Vendo J7. 550000 Un Smart De 43 LG 1.450000 Teléfono Economi,550.000,,,"Girón, Santander",
CAYE7495632
71,,Teléfono Samsung Galaxy A01 - Dual Sim - 32gb-,415.000,(3 disponibles),Sin garantía,"Cúcuta, Norte De Santander",
GUJO2344575
72,,Teléfono Celular Obimv1,320.000,,,"Engativá, Bogotá D.C.",
MAUROTRS
73,,Telefono Galaxy A 90 Nuevo,1.000.000,,Sin garantía,"La Candelaria, Bogotá D.C.",
TIMA7833355
74,,Telefono Tactil Ipro Opal 4s,159.900,(1 disponibles),Garantía del vendedor: 3 meses,"Tunja, Boyaca",
JOHANSEBASTIANCRUZMENDOZA
75,,Teléfono Samsung Galaxy Core Prime Lte,600.000,,,"Cúcuta, Norte De Santander",
ZORAIDAMOLINA0130
76,,Teléfonos iPhone 7 32gb Totalmente Nuevos 100% Garantizados,2.000.000,(20 disponibles),,"Arauca, Arauca",
MEILYNPERERA
77,,Teléfono Multifuncional Marca Linksis Modelo  Ip  Phone Spa,80.000,,Sin garantía,"Engativá, Bogotá D.C.",
HEAN9234250
78,,Telefonos,899.900,(10 disponibles),garantizado 1 año,"Pitalito, Huila",
GUJH5080571
79,,Teléfonos Movil,3.850.000,,,"Puerto Bogota, Cundinamarca",
COCE6801320
80,,Teléfono Alcatel 1052 G,30.000,(1 disponibles),Sin garantía,"Chía, Cundinamarca",
JDAVIMARTIN
81,,Telefono Blu Advance 4.0 L3,240.000,,,"Teusaquillo, Bogotá D.C.",
CARA6544278
82,,Telefonos Movil,1.000,,Garantía del vendedor: 3 meses,"Barranquilla, Atlantico",
ISAURALOZANOMIRANDS
83,,Telefono Blu Studio G* Entrega Inmediata,289.695,,Garantía de fábrica: 60 días,"Usaquén, Bogotá D.C.",70
COMPRAS-HOY
84,,Teléfono Celular Gigo Mar,49.900,(10 disponibles),Garantía del vendedor: 3 meses,"Fundación, Magdalena",
TECNITECH+LJ
85,,Teléfono Básico Ipro  A21 Mini,49.990,,Garantía de fábrica: 12 meses,"Suba, Bogotá D.C.",98
GLENIELMORENOLOBO
86,,Teléfono Celular iPhone X Color Negro,2.106.000,,Garantía del vendedor: 6 meses,"Medellín, Antioquia",
ISTOREPOBLADO
87,,Teléfono Celular iPhone XS 64gb Dorado *usado*,2.500.000,,Sin garantía,"Suba, Bogotá D.C.",
JOSEJOAQUINCAMERO
88,,Teléfono Lingtingzhe Alambrico Económico,33.000,(90 disponibles),"12 Meses, se debe conservar la factura, caja, accesorios.","Medellín, Antioquia",987
BOGALIACOLOMBIA
89,,11 En 1 Kit Derreparacion Para iPhone Telefono Celular,20.000,(5 disponibles),Garantía del vendedor: 1 meses,"Cali, Valle Del Cauca",70
AMBUILAJUANCARLOS
90,,Teléfono Celular Samsung Galaxy S20 + Plus 5g Desbloqueado D,7.364.000,(2 disponibles),Garantía del vendedor: 30 dias,"Engativá, Bogotá D.C.",909
YMAGINARIUM
91,,"Teléfonos Móviles 4g Desbloqueado Ulefone Nota 9p, Doble Sim",856.000,(2 disponibles),Garantía del vendedor: 30 dias,"Engativá, Bogotá D.C.",909
YMAGINARIUM
92,,"Teléfonos Móviles Oukitel K9 Desbloqueado, 7,12pLG Fhd + Wat",1.817.000,(2 disponibles),Garantía del vendedor: 30 dias,"Engativá, Bogotá D.C.",909
YMAGINARIUM
93,,Teléfono Celular Samsung Galaxy S20 + Plus 5g Desbloqueado D,8.846.000,(2 disponibles),Garantía del vendedor: 30 dias,"Engativá, Bogotá D.C.",909
YMAGINARIUM
94,,Samsung Galaxy A51 Desbloqueado De Fábrica Del Teléfono Celu,2.968.000,(2 disponibles),Garantía del vendedor: 30 dias,"Engativá, Bogotá D.C.",909
YMAGINARIUM
95,,Estilo Seguro Rfid Caja De Teléfono Celular Protegido Con,221.000,(2 disponibles),"Este producto cuenta con un (1) mes de garantía de fábrica, la cual cubre daños por defectos del material o errores en la fabricación. La garantía No cubre mala manipulación por parte del usuario. Producto Nuevo Original y enviado desde USA. Versión en Inglés.","Engativá, Bogotá D.C.",1895
YAXA
96,,Pantalla Del Teléfono Lupa Proyector Del Teléfono Móvil...,85.497,(4 disponibles),,"Medellín, Antioquia",680
TIENDA-ME-LO-LLEVO
97,,Vivo 5 Mini - Fábrica De Teléfonos Inteligentes De 4.0pLG D,323.000,(2 disponibles),Garantía del vendedor: 30 dias,"Engativá, Bogotá D.C.",619
FREE-ZONE
98,,At \u0026 T Prepago Alcatel Idealxcite 6030b 5 '' Teléfono C,310.900,(8 disponibles),"8 dias calendario, el daño debe ser por un defecto de fabricación falla técnica o irregularidad. No  aplicará si el producto presenta señales de mal uso por parte del cliente. Ofrecemos la posibilidad de cambiarlo sin embargo el cliente deberá hacerse cargo de los costos de envío nacionales e internacionales por la devolución del producto inicial como por la recepción de la nueva. NO aplica GARANTÍA en daños causados por la empresa TRANSPORTADORA en Colombia, respondemos por daños de USA a nuestras bodegas","Mosquera, Cundinamarca",520
LUZKARDY
99,,5.1 Plus - Android 9.0 Pie - 32 Gb - Cámara Dual - Teléfono,937.000,(2 disponibles),Garantía del vendedor: 30 dias,"Engativá, Bogotá D.C.",619
FREE-ZONE
100,,Teléfono Desbloqueado De Fábrica Sony Xperia Xz1 - Pantalla,4.807.000,(2 disponibles),Garantía del vendedor: 30 días,"Engativá, Bogotá D.C.",619
FREE-ZONE
101,,Teléfono Esencial En Black Moon - 128 Gb Desbloqueado Titani,5.695.900,(5 disponibles),"8 dias calendario, el daño debe ser por un defecto de fabricación falla técnica o irregularidad. No  aplicará si el producto presenta señales de mal uso por parte del cliente. Ofrecemos la posibilidad de cambiarlo sin embargo el cliente deberá hacerse cargo de los costos de envío nacionales e internacionales por la devolución del producto inicial como por la recepción de la nueva. NO aplica GARANTÍA en daños causados por la empresa TRANSPORTADORA en Colombia, respondemos por daños de USA a nuestras bodegas","Mosquera, Cundinamarca",520
LUZKARDY
102,,"Ulefone Armadura X6 Rugosas Teléfonos Desbloqueados, Imperme",608.000,(2 disponibles),Garantía del vendedor: 30 dias,"Engativá, Bogotá D.C.",619
FREE-ZONE
103,,"Teléfono Celular Desbloqueado Robusto Oukitel Wp5,8000mah Ba",923.000,(2 disponibles),Garantía del vendedor: 30 dias,"Engativá, Bogotá D.C.",619
FREE-ZONE
104,,Teléfono Desbloqueado De Fábrica  U Ultra - Pantalla De 5.7p,2.241.000,(2 disponibles),Garantía del vendedor: 30 dias,"Engativá, Bogotá D.C.",619
FREE-ZONE
105,,G3 Desbloqueado Teléfono Celular 64gb + 4gb Ram - 5.7pLG Sm,946.000,(2 disponibles),Garantía del vendedor: 30 dias,"Engativá, Bogotá D.C.",619
FREE-ZONE
106,,Teléfono Celular Samsung Galaxy S20 5g Desbloqueado De Fábri,7.228.000,(2 disponibles),Garantía del vendedor: 30 dias,"Engativá, Bogotá D.C.",619
FREE-ZONE
107,,"Teléfonos Celulares Desbloqueados, Blackview A80 Pro De 4 Gb",890.000,(2 disponibles),Garantía del vendedor: 30 dias,"Engativá, Bogotá D.C.",619
FREE-ZONE
108,,- Pixel 3a Xl Con Teléfono Celular Con Memoria De 64gb (des,3.041.000,(2 disponibles),Garantía del vendedor: 30 dias,"Engativá, Bogotá D.C.",619
FREE-ZONE
109,,Samsung Galaxy A51 Desbloqueado De Fábrica Del Teléfono Celu,2.914.000,(2 disponibles),Garantía del vendedor: 30 dias,"Engativá, Bogotá D.C.",619
FREE-ZONE
110,,Xgody Teléfono Celular 4g Desbloqueado Android 9.0 Smartphon,647.000,(2 disponibles),Garantía del vendedor: 30 dias,"Engativá, Bogotá D.C.",619
FREE-ZONE
111,,"4g Desbloqueado Teléfonos Inteligentes, Ulefone Nota 9p Andr",890.000,(2 disponibles),Garantía del vendedor: 30 dias,"Engativá, Bogotá D.C.",619
FREE-ZONE
112,,Google Pixel 3a Con Teléfono Celular Con Memoria De 64gb (de,2.828.000,(2 disponibles),Garantía del vendedor: 30 dias,"Engativá, Bogotá D.C.",619
FREE-ZONE
113,,La Caja Del Teléfono Beerus Dragon Ball Super Blue Vegetto X,166.000,(2 disponibles),Garantía del vendedor: 30 dias,"Engativá, Bogotá D.C.",619
FREE-ZONE
114,,Teléfono Inteligente Desbloqueado Huawei Honor 8 Con Cámara,2.245.000,(2 disponibles),,"Engativá, Bogotá D.C.",1895
YAXA
115,,Nuevo At&t Zte Maven 2 4g Lte Con Teléfono Celular Con,899.000,(2 disponibles),,"Engativá, Bogotá D.C.",1895
YAXA
116,,"Teléfono Inteligente Desbloqueado Zte Axon 7, 64 Gb De Rom 4",7.459.000,(2 disponibles),,"Engativá, Bogotá D.C.",1895
YAXA
117,,Inventando El Teléfono Celular (chispa De La Invención),161.000,(2 disponibles),"Este producto cuenta con un (1) mes de garantía de fábrica, la cual cubre daños por defectos del material o errores en la fabricación. La garantía No cubre mala manipulación por parte del usuario. Producto Nuevo Original y enviado desde USA. Versión en Inglés.","Engativá, Bogotá D.C.",1895
YAXA
118,,Soporte Para Telefono Celular Omoton Soporte De Escritorio P,97.990,(12 disponibles),Garantía del vendedor: 30 días,"Puente Aranda, Bogotá D.C.",1192
BLUESHOP+IMPORTACIONES
119,,Teléfono Desbloqueado De Fábrica Pop 4 Plus - Pantalla ...,1.106.019,(5 disponibles),,"Suba, Bogotá D.C.",965
MICOMPRAEXPRESS
120,,Samsung Galaxy Ae G Lte Telefono Inteligente De Prepago...,614.497,(5 disponibles),,"Medellín, Antioquia",680
TIENDA-ME-LO-LLEVO
121,,Power Core Cargador De Telefono Celular De Un Solo Uso Andro,57.990,(12 disponibles),,"Bucaramanga, Santander",467
SKYJOB2
122,,Samsung Galaxy Ae G Lte Telefono Inteligente De Prepago...,573.195,(5 disponibles),,"Medellín, Antioquia",181
IGRAPHS-IMPORTACIONES
123,,Pulsera De Teléfono Inteligente,167.497,(5 disponibles),,"Medellín, Antioquia",680
TIENDA-ME-LO-LLEVO
124,,Nathan Ns4947 Stridesport Teléfono Inteligente Brazo Carrier,145.000,(12 disponibles),,"Suba, Bogotá D.C.",333
BAWECOMERCE
125,,Pixel  Xl Con El Telefono Celular De Memoria Gb Desbloq...,2.656.497,(5 disponibles),,"Medellín, Antioquia",680
TIENDA-ME-LO-LLEVO
126,,Kavu Powerbox - Cargador De Teléfono Con Cable Usb,123.593,(12 disponibles),,"Suba, Bogotá D.C.",333
BAWECOMERCE
127,,Outdoor Research - Bolsillo Para Sensor De Teléfono Intelige,270.750,(12 disponibles),,"Suba, Bogotá D.C.",333
BAWECOMERCE
128,,Telefono Camara Multifuncion De La Palanca Autodisparador,82.990,(12 disponibles),,"Aguachica, Cesar",371
MYSHOPALAIS12
129,,Caja Del Telefono Celular M021 iPhone 66s,92.990,(12 disponibles),,"Aguachica, Cesar",38
LORENAGALVIS1809
130,,Galaxy As Am Gb Desbloqueado Gsm Duos Telefono W Varian...,765.497,(5 disponibles),,"Medellín, Antioquia",680
TIENDA-ME-LO-LLEVO
131,,Galaxy A Gb Am Duos Gsm Desbloqueado Telefono Androide ...,2.223.497,(5 disponibles),,"Medellín, Antioquia",680
TIENDA-ME-LO-LLEVO
132,,A Pro   Pulgadas Telefono Inteligente  Gb De Ram G Rom ...,891.497,(5 disponibles),,"Medellín, Antioquia",680
TIENDA-ME-LO-LLEVO
133,,Galaxy Note  Fabrica De Telefonos Desbloqueado Con   Pa...,6.436.497,(5 disponibles),,"Medellín, Antioquia",680
TIENDA-ME-LO-LLEVO
134,,Galaxy As Am Gb Desbloqueado Gsm Duos Telefono W Varian...,744.195,(5 disponibles),,"Medellín, Antioquia",181
IGRAPHS-IMPORTACIONES
135,,A Pro   Pulgadas Telefono Inteligente  Gb De Ram G Rom ...,866.195,(5 disponibles),,"Medellín, Antioquia",181
IGRAPHS-IMPORTACIONES
136,,Galaxy Note  Fabrica De Telefonos Desbloqueado Con   Pa...,6.403.195,(5 disponibles),,"Medellín, Antioquia",181
IGRAPHS-IMPORTACIONES
137,,Pixel  Xl Con El Telefono Celular De Memoria Gb Desbloq...,2.642.195,(5 disponibles),,"Medellín, Antioquia",181
IGRAPHS-IMPORTACIONES
138,,Galaxy Note  Fabrica De Telefonos Desbloqueado Con   Pa...,6.504.299,(5 disponibles),,"Medellín, Antioquia",81
ME-LO-LLEVO2
139,,Pixel  Xl Con El Telefono Celular De Memoria Gb Desbloq...,2.684.299,(5 disponibles),,"Medellín, Antioquia",81
ME-LO-LLEVO2
140,,De Cuero Xs Caso De Caramelo Telefono Max,204.900,(5 disponibles),,"Suba, Bogotá D.C.",91
ALIANZABOX
141,,Samsung Galaxy A20s A207m 32gb Duos Gsm Telefono Desbloquea,871.990,(12 disponibles),,"Bucaramanga, Santander",467
SKYJOB2
142,,Clarityr 55173000 Dedo De Telefono Talla Unica,248.990,(12 disponibles),,"Puente Aranda, Bogotá D.C.",545
AUNCLICKSTORE
143,,Portatelefono Panavise Portagrip Con Placa Adaptadora Amps,113.990,(12 disponibles),,"Bucaramanga, Santander",467
SKYJOB2
144,,Telefono Celular Sentida Playa Perilla De Soporte De Mo...,126.900,(5 disponibles),,"Suba, Bogotá D.C.",91
ALIANZABOX
145,,Mas Pop De Fabrica Abrio El Telefono Garantia De   Gb ...,1.018.900,(5 disponibles),,"Suba, Bogotá D.C.",91
ALIANZABOX
146,,Paquete Doble De Encantos De Telefono Celular Donut Y Pizza,53.990,(12 disponibles),,"Aguachica, Cesar",371
MYSHOPALAIS12
147,,Encanto Del Telefono Cat Planet Cuties Assist-a-roid,76.990,(12 disponibles),,"Aguachica, Cesar",371
MYSHOPALAIS12
148,,Galaxy As Am Gb Desbloqueado Gsm Duos Telefono W Varian...,730.299,(5 disponibles),,"Medellín, Antioquia",81
ME-LO-LLEVO2
149,,Pelican Telefono Celular Para LG G7 Thinq Color Negrogris Cl,114.268,(10 disponibles),Garantía del vendedor: 30 días,"Rionegro, Antioquia",847
CESVAN+WORLDWIDE
150,,Mate De Azulejos - Key Finder. Buscador De Teléfonos. Anythi,113.990,(12 disponibles),,"Suba, Bogotá D.C.",3636
GLOBALMARKTRADINGSERVICES
151,,Clc Custom Leathercraft - Teléfono Celular / Portaherramient,89.990,(12 disponibles),,"Suba, Bogotá D.C.",3636
GLOBALMARKTRADINGSERVICES
152,,Gtinthebox Teléfono Inteligente Teléfono Celular Titular D,202.990,(12 disponibles),,"Suba, Bogotá D.C.",3636
GLOBALMARKTRADINGSERVICES
153,,Telefono Celular Para Samsung Galaxy S8,68.990,(12 disponibles),Garantía del vendedor: 60 días,"Engativá, Bogotá D.C.",1288
TIENDA+SUACCESORIO
154,,LG V30 Funda De Telefono Purpura,83.990,(12 disponibles),Garantía del vendedor: 60 días,"Engativá, Bogotá D.C.",1288
TIENDA+SUACCESORIO
155,,Google - Pixel 3 Xl Con Telefono Celular Con Memoria De 64,2.317.990,(12 disponibles),,"Bosa, Bogotá D.C.",13
ARRIETAWILMER
156,,Oyachic 2 Paquetes Monedero Teléfono Celular Bolsa Folkcust,87.990,(12 disponibles),,"Suba, Bogotá D.C.",3636
GLOBALMARKTRADINGSERVICES
157,,K10 2017 Cartuchera Color Cafe,73.990,(12 disponibles),Garantía del vendedor: 60 días,"Engativá, Bogotá D.C.",1288
TIENDA+SUACCESORIO
158,,Caja Del Telefono Celular M01 iPhone X Rojoblanco,89.990,(12 disponibles),Garantía del vendedor: 60 días,"Engativá, Bogotá D.C.",1288
TIENDA+SUACCESORIO
159,,Caja Del Telefono Celular M021 iPhone 66s,84.990,(12 disponibles),Garantía del vendedor: 60 días,"Engativá, Bogotá D.C.",1288
TIENDA+SUACCESORIO
160,,Caja Del Telefono LG G8 Azul,89.990,(12 disponibles),Garantía del vendedor: 60 días,"Engativá, Bogotá D.C.",1288
TIENDA+SUACCESORIO
161,,Caja Del Telefono Celular Chenchen Para Galaxy Note 10 [6.3,84.990,(12 disponibles),Garantía del vendedor: 60 días,"Engativá, Bogotá D.C.",1288
TIENDA+SUACCESORIO
162,,Caja Adoptada Del Telefono Celular De Cuero Para Samsung Ga,147.990,(12 disponibles),,"Bosa, Bogotá D.C.",13
ARRIETAWILMER
163,,"Google Earth Live Rio Cell Telefono Celular Para Pixel 2, Co",160.990,(12 disponibles),,"Engativá, Bogotá D.C.",6327
LATINPORT
164,,Blackberry Key2 Negro Desbloqueado Teléfono Inteligente And,3.796.990,(12 disponibles),,"Engativá, Bogotá D.C.",6327
LATINPORT
165,,Teléfono Satelital Isatphone 2.1 Desbloqueado 2019 Con,5.206.000,(2 disponibles),,"Engativá, Bogotá D.C.",1895
YAXA
166,,Forro Para Samsung Galaxy S9 Teléfono Celular,86.990,(12 disponibles),,"Engativá, Bogotá D.C.",6327
LATINPORT
167,,Samsung Galaxy Z Tirón Desbloqueado De Fábrica Del Teléfono,7.648.000,(2 disponibles),Garantía del vendedor: 30 dias,"Engativá, Bogotá D.C.",909
YMAGINARIUM
168,,En Y T Prepago Zte Maven 3 4g Lte Smartphone Teléfono Llama,334.990,(12 disponibles),,"Engativá, Bogotá D.C.",6327
LATINPORT
169,,Teléfono Satelital Isatphone 2.1 Desbloqueado 2019 Con,9.002.000,(2 disponibles),,"Engativá, Bogotá D.C.",1895
YAXA
170,,Teléfono Satelital Bluecosmo Iridium Extreme Y Tarjeta Sim,9.672.000,(2 disponibles),,"Engativá, Bogotá D.C.",1895
YAXA
171,,Teléfono Satelital Isatphone 2.1 Desbloqueado 2019 Con 200,6.564.000,(2 disponibles),,"Engativá, Bogotá D.C.",1895
YAXA
172,,Cubierta De La Caja Del Telefono Claro Syoner Para Samsung G,85.990,(12 disponibles),,"Medellín, Antioquia",2074
VPI+STORE
173,,"Teléfono Alcatel 7 6062w, T-mobile Revvl 2 Plus (2018),",105.000,(2 disponibles),,"Engativá, Bogotá D.C.",1895
YAXA
174,,Auto Teléfono Celular Titular,66.990,(12 disponibles),,"Engativá, Bogotá D.C.",6327
LATINPORT
175,,"Samsung Galaxy 64 Gb Desbloqueado Telefono R 62 Visualizacio
		
			(Reacondicionado)",1.618.990,(12 disponibles),,"Engativá, Bogotá D.C.",6327
LATINPORT
176,,"Estuche Moto X4, Estuche Para Teléfono Cinocase X4 Estuche",103.000,(2 disponibles),,"Engativá, Bogotá D.C.",1895
YAXA
177,,Doogee X30 Caso Fettion Premium Piel Sintética Teléfono  F,69.990,(12 disponibles),,"Engativá, Bogotá D.C.",6327
LATINPORT
178,,Jupiter Creations Mi Tableta Inteligente Mini Teléfono Comb,112.990,(12 disponibles),,"Engativá, Bogotá D.C.",6327
LATINPORT
179,,Nokia 5 - Android 9.0 Pie - 16 Gb - Teléfono Inteligente Des,4.497.000,(2 disponibles),,"Engativá, Bogotá D.C.",903
MAUJA.STORE
180,,Monedero - Embrague De Teléfono Celular Con Cuerpo De Cruz P,162.000,(2 disponibles),Garantía del vendedor: 30 dias,"Engativá, Bogotá D.C.",903
MAUJA.STORE
181,,Samdi Soporte De Telefono Celular O Telefono Celular Soporte,98.990,(12 disponibles),,"Engativá, Bogotá D.C.",6327
LATINPORT
182,,Idecoz Phone Mirror. Pelar Y Pegar En Todos Los Teléfonos Y,112.000,(2 disponibles),,"Engativá, Bogotá D.C.",1895
YAXA
183,,"Blackview A80 Pro 6.49 PLG Smartphone, 4gb Ramg Rom Teléfono",860.432,(2 disponibles),Garantía del vendedor: 30 dias,"Barrios Unidos, Bogotá D.C.",874
MIBICY.COM
184,,Sunderpower Gel Pads Cell Teléfono Pegajoso Antideslizante 8,68.990,(12 disponibles),,"Engativá, Bogotá D.C.",6327
LATINPORT
185,,Caja Teléfono Celular Reiko Zte N817 Rosa Fuerte,75.990,(12 disponibles),,"Engativá, Bogotá D.C.",6327
LATINPORT
186,,Teléfono [vhs],184.000,(2 disponibles),"Este producto cuenta con un (1) mes de garantía de fábrica, la cual cubre daños por defectos del material o errores en la fabricación. La garantía No cubre mala manipulación por parte del usuario. Producto Nuevo Original y enviado desde USA. Versión en Inglés.","Engativá, Bogotá D.C.",1895
YAXA
187,,Anntlent 850mhz 1700mhz De Banda Dual Del Teléfono Celular,1.024.990,(12 disponibles),,"Engativá, Bogotá D.C.",6327
LATINPORT
188,,Cinturón Horizontal Clip Loops Funda Para Teléfono Celular,69.990,(12 disponibles),,"Engativá, Bogotá D.C.",6327
LATINPORT
189,,Favrison 105 Pulgadas L220 Negro Monitor De Teléfono Fpv Cu,126.990,(12 disponibles),,"Engativá, Bogotá D.C.",6327
LATINPORT
190,,Soporte Para Teléfono Celular Life Mounts Stroller  Se Adap,114.990,(12 disponibles),,"Engativá, Bogotá D.C.",6327
LATINPORT
191,,Teléfono De Conferencia Expansible Polycom Soundstation2 22,1.976.990,(12 disponibles),,"Engativá, Bogotá D.C.",6327
LATINPORT
192,,Teléfono Paal,131.990,(12 disponibles),,"Engativá, Bogotá D.C.",6327
LATINPORT
193,,Lutron Con1pc6wh Claro 8conductor Teléfono Jack Blanco,103.990,(12 disponibles),,"Engativá, Bogotá D.C.",6327
LATINPORT
194,,Caja Del Teléfono Celular Reiko Para Zte Zmax 2 Black,69.990,(12 disponibles),,"Engativá, Bogotá D.C.",6327
LATINPORT
195,,Portateléfono Panavise 15585 Portagrip Con Volquete Tbutton,120.990,(12 disponibles),,"Engativá, Bogotá D.C.",6327
LATINPORT
196,,Oyachic 2 Paquetes Monedero Teléfono Celular Bolsa Folkcust,86.990,(12 disponibles),,"Engativá, Bogotá D.C.",6327
LATINPORT
197,,Monedero Pequeño Para Teléfono Con 2 Correas Chala De Chal,234.990,(12 disponibles),,"Engativá, Bogotá D.C.",6327
LATINPORT
198,,Phoozy Funda Térmica Para Teléfono Protege Contra Sunsnow,187.990,(12 disponibles),,"Engativá, Bogotá D.C.",6327
LATINPORT
199,,Agarre De Teléfono Magnético Con Placa De Metal Dentro De,138.990,(12 disponibles),,"Engativá, Bogotá D.C.",6327
LATINPORT
200,,Muerto En Do400l Negro Celular Compañero De Teléfono Celul,113.990,(12 disponibles),,"Engativá, Bogotá D.C.",6327
LATINPORT
